{"W1": [[-0.5997842890415583, -0.5593039943565378, -1.8022593711494284, -0.17061775633330598, -0.9088387301569189], [-0.34980351842839935, -0.6903563617800434, -1.874730919221654, -0.24142604166088044, -0.04275123317277094]], "b1": [[-0.20427074539779758], [0.172228352465681]], "W2": [[-3.1179913754992095, -3.087308799407178]], "b2": [[1.7461667149210698]]}